{"cameraMode":{"drawMode":0,"name":"Shaded","section":"Shading Mode"},"sceneLighting":false,"audioPlay":false,"sceneViewState":{"m_AlwaysRefresh":false,"showFog":true,"showSkybox":false,"showFlares":true,"showImageEffects":true,"showParticleSystems":true,"showVisualEffectGraphs":true,"m_FxEnabled":true},"in2DMode":false,"pivot":{"x":-0.20600001513957978,"y":0.503000020980835,"z":0.3149999976158142},"rotation":{"x":0.7207590937614441,"y":-0.0010397759033367038,"z":0.001081139431335032,"w":0.6931837201118469},"size":0.4242746829986572,"orthographic":true}