{"cameraMode":{"drawMode":0,"name":"Shaded","section":"Shading Mode"},"sceneLighting":true,"audioPlay":false,"sceneViewState":{"m_AlwaysRefresh":false,"showFog":true,"showSkybox":false,"showFlares":true,"showImageEffects":true,"showParticleSystems":true,"showVisualEffectGraphs":true,"m_FxEnabled":true},"in2DMode":false,"pivot":{"x":4.4944071769714359,"y":3.252164049172279e-7,"z":1.6195417642593384},"rotation":{"x":0.5738481879234314,"y":-0.019650422036647798,"z":0.013774961233139038,"w":0.8186114430427551},"size":2.0886056423187258,"orthographic":true}