{"cameraMode":{"drawMode":0,"name":"Shaded","section":"Shading Mode"},"sceneLighting":true,"audioPlay":false,"sceneViewState":{"m_AlwaysRefresh":false,"showFog":true,"showSkybox":false,"showFlares":true,"showImageEffects":true,"showParticleSystems":true,"showVisualEffectGraphs":true,"m_FxEnabled":true},"in2DMode":false,"pivot":{"x":-0.027053654193878175,"y":0.009999999776482582,"z":2.3539998531341554},"rotation":{"x":0.7144890427589417,"y":0.002098927041515708,"z":-0.002143473830074072,"w":0.699640154838562},"size":6.842112064361572,"orthographic":true}